"p_val","avg_log2FC","pct.1","pct.2","p_val_adj","cluster","gene"
2.68903146620888e-122,2.81726169530535,0.531,0.097,3.33063437404632e-118,"0","CCR7"
2.23274446024422e-57,2.13067625224483,0.383,0.104,2.76547728845848e-53,"0","PRKCQ-AS1"
1.23046985824214e-59,2.11614121959542,0.381,0.097,1.52405996641871e-55,"0","LEF1"
1.12415457275949e-31,1.83599497010151,0.276,0.086,1.3923778538199e-27,"0","MAL"
6.10587021485027e-51,1.64084773217693,0.483,0.18,7.56273084811354e-47,"0","PIK3IP1"
3.20231586113088e-73,2.56029881712263,0.406,0.092,3.9663884255967e-69,"1","AQP3"
6.60959437947892e-54,2.47837036184346,0.279,0.053,8.18664359842259e-50,"1","CD40LG"
3.88267236257294e-50,1.82989526878914,0.373,0.106,4.80907798828284e-46,"1","TRAT1"
2.07803368823533e-98,1.75028147090619,0.758,0.288,2.57385252624828e-94,"1","IL7R"
9.98836591389169e-33,1.74072346492905,0.279,0.087,1.23715900209462e-28,"1","TTC39C"
2.65832498909083e-130,6.77979511677415,0.288,0.004,3.29260133148791e-126,"2","FOLR3"
0,6.66062528782058,0.965,0.106,0,"2","S100A8"
0,6.10658443613804,0.99,0.204,0,"2","S100A9"
7.43705831529257e-110,6.07550131608838,0.265,0.008,9.21154042932138e-106,"2","S100A12"
2.0869891665628e-284,5.80801554244557,0.653,0.025,2.58494478170469e-280,"2","CD14"
6.94400781861147e-235,7.0678355337904,0.488,0.005,8.60084808413217e-231,"3","VPREB3"
3.30619249030306e-262,7.04738849232943,0.551,0.008,4.09505001848937e-258,"3","LINC00926"
0,6.81242436915963,0.932,0.036,0,"3","CD79A"
3.43809401731606e-269,6.71536177143819,0.622,0.02,4.25842324984767e-265,"3","TCL1A"
7.70969925218867e-174,6.55735124902852,0.381,0.006,9.54923349376089e-170,"3","FCER2"
6.04509973190046e-197,4.38305888137409,0.714,0.057,7.48746052793191e-193,"4","GZMK"
2.30489407563411e-35,2.96028714708704,0.319,0.072,2.85484180208041e-31,"4","NCR3"
2.35935365932147e-140,2.68288612010361,0.981,0.24,2.92229544243558e-136,"4","CCL5"
7.57342053246309e-63,2.42833398171198,0.573,0.141,9.38043867150879e-59,"4","LYAR"
1.48635308530242e-33,2.172239147397,0.357,0.091,1.84099693145557e-29,"4","KLRG1"
8.37071554221383e-184,6.17658405306391,0.469,0.01,1.03679682705861e-179,"5","AKR1C3"
1.49458140255661e-198,6.12956410935649,0.973,0.119,1.85118852520662e-194,"5","GNLY"
3.86927161761828e-264,5.96855857237808,0.966,0.066,4.792479825582e-260,"5","GZMB"
2.03911580012619e-114,5.71330502233245,0.293,0.006,2.5256488300363e-110,"5","SH2D1B"
8.78436625061464e-215,5.52424379606699,0.735,0.038,1.08803160380113e-210,"5","SPON2"
1.42369162079407e-188,6.64375599914023,0.41,0.004,1.76338444151553e-184,"6","CKB"
3.92085501890373e-211,5.74037418930885,0.521,0.01,4.85637102641416e-207,"6","CDKN1C"
5.12839158113879e-206,5.12987659648055,0.604,0.02,6.35202581239851e-202,"6","HES4"
1.06145009765168e-107,5.10597832878319,0.312,0.009,1.31471209095137e-103,"6","BATF3"
6.3751176358223e-116,4.89032362398592,0.368,0.014,7.8962207037295e-112,"6","MS4A4A"
3.49828827399467e-223,5.04789947940096,0.868,0.056,4.33297985616979e-219,"7","GZMH"
4.05214637704627e-61,4.13994914731158,0.287,0.021,5.01898850260951e-57,"7","FCRL6"
6.30836706971144e-78,3.34076815669967,0.603,0.089,7.81354345254459e-74,"7","CD8A"
8.62251089291114e-108,3.18599637339126,1,0.262,1.06798419919597e-103,"7","CCL5"
2.35542860795617e-110,3.1042535904581,1,0.243,2.91743387381451e-106,"7","NKG7"
3.88278933215349e-226,8.32468737071246,0.788,0.01,4.80922286680532e-222,"8","FCER1A"
8.54483019335748e-173,7.19335361420273,0.485,0.004,1.05836266774926e-168,"8","ENHO"
2.44856562649048e-121,6.4599992735889,0.364,0.003,3.03279338497111e-117,"8","SERPINF1"
8.14362322645697e-141,6.44792644128833,0.667,0.014,1.00866917282896e-136,"8","CLEC10A"
3.48209255620199e-83,5.38101097744207,0.545,0.018,4.31291984011179e-79,"8","CD1C"
1.35355677268037e-216,11.2075775429217,0.385,0,1.67651541864191e-212,"9","CLDN5"
1.35084026408799e-259,10.9445431370879,0.462,0,1.67315075109938e-255,"9","CMTM5"
1.35331435728764e-216,10.4299699642582,0.385,0,1.67621516293647e-212,"9","AP001189.4"
1.2816595923174e-173,10.4299699642582,0.308,0,1.58746357104433e-169,"9","SEPT5"
0,10.1251153827297,0.923,0.002,0,"9","GP9"
